{"cameraMode":{"drawMode":0,"name":"Shaded","section":"Shading Mode"},"sceneLighting":false,"audioPlay":false,"sceneViewState":{"showFog":true,"showMaterialUpdate":false,"showSkybox":false,"showFlares":true,"showImageEffects":true,"showParticleSystems":true},"in2DMode":false,"pivot":{"x":2.0509355068206789,"y":-0.02828240394592285,"z":1.1757694482803345},"rotation":{"x":-0.1089896559715271,"y":-0.7577055096626282,"z":0.13109813630580903,"w":-0.6299340724945068},"size":4.041658401489258,"orthographic":false}