{"cameraMode":{"drawMode":0,"name":"Shaded","section":"Shading Mode"},"sceneLighting":false,"audioPlay":false,"sceneViewState":{"showFog":true,"showMaterialUpdate":false,"showSkybox":false,"showFlares":true,"showImageEffects":true,"showParticleSystems":true},"in2DMode":false,"pivot":{"x":0.8306002616882324,"y":0.7863888740539551,"z":0.0927661657333374},"rotation":{"x":-0.23024803400039674,"y":-0.7034264802932739,"z":0.26142337918281557,"w":-0.6195440292358398},"size":6.486065864562988,"orthographic":false}